Country Name,Country Code,country_code_2letter,Latest_Researchers_per_Million,2023_population,2000,2001,2002,2003,2004,2005,2006,2007,2008,2009,2010,2011,2012,2013,2014,2015,2016,2017,2018,2019,2020,2021,2022,2023
Aruba,ABW,aw,,107359,90588,91439,92074,93128,95138,97635,99405,100150,100917,101604,101838,102591,104110,105675,106807,107906,108727,108735,108908,109203,108587,107700,107310,107359
Africa Eastern and Southern,AFE,,,750503764,406156661,416807868,427820358,439173286,450928044,463076637,475606210,488580707,502070763,516003448,530308387,544737983,559609961,575202699,590968990,607123269,623369401,640058741,657801085,675950189,694446100,713090928,731821393,750503764
Afghanistan,AFG,af,,41454761,20130327,20284307,21378117,22733049,23560654,24404567,25424094,25909852,26482622,27466101,28284089,29347708,30560034,31622704,32792523,33831764,34700612,35688935,36743039,37856121,39068979,40000412,40578842,41454761
Africa Western and Central,AFW,,,509398589,274968446,282780717,290841795,299142845,307725100,316588476,325663158,334984176,344586109,354343844,364358270,374790143,385360349,396030207,406992047,418127845,429454743,440882906,452195915,463365429,474569351,485920997,497387180,509398589
Angola,AGO,ao,18.95490074,36749906,16194869,16747208,17327699,17943712,18600423,19291161,20015279,20778561,21578655,22414773,23294825,24218352,25177394,26165620,27160769,28157798,29183070,30234839,31297155,32375632,33451132,34532429,35635029,36749906
Albania,ALB,al,,2745972,3089027,3060173,3051010,3039616,3026939,3011487,2992547,2970017,2947314,2927519,2913021,2905195,2900401,2895092,2889104,2880703,2876101,2873457,2866376,2854191,2837849,2811666,2777689,2745972
Andorra,AND,ad,,80856,65685,65852,66506,69486,74325,77421,79585,81877,83495,83888,80706,77783,76834,75194,73737,72174,72181,73763,75162,76474,77380,78364,79705,80856
Arab World,ARB,,,481667539,286548096,293580252,300691509,307815105,315060277,322628451,330526310,338947976,347684619,356386673,363568534,372054934,381030177,390954281,400231008,410190679,419808341,428315886,435998060,444281315,453723239,460646603,471352066,481667539
United Arab Emirates,ARE,ae,2066.506348,10483751,3493575,3723590,3956826,4192457,4428967,4664790,5009100,5624635,6302664,6707058,6869838,7104538,7391448,7693031,8059440,8505237,8935095,9223225,9346701,9445785,9401038,9575152,10074977,10483751
Argentina,ARG,ar,1231.486572,45538401,37213984,37624825,38029349,38424282,38815916,39216789,39622115,40016763,40424148,40854831,41288694,41730660,42161721,42582455,43024071,43477012,43900313,44288894,44654882,44973465,45191965,45312281,45407904,45538401
Armenia,ARM,am,1219.933228,2990900,3221100,3211800,3199800,3182500,3164900,3146400,3127100,3107400,3087100,3066000,3044800,3027900,3024100,3022000,3013800,3004600,2992300,2979400,2969000,2962500,2961500,2962300,2969200,2990900
American Samoa,ASM,as,,47521,56855,57053,57062,56971,56818,56617,56374,56113,55828,55528,55228,54895,54489,54006,53466,52878,52245,51586,50908,50209,49761,49225,48342,47521
Antigua and Barbuda,ATG,ag,,93316,74912,76069,77032,77884,78719,79611,80604,81704,82912,84173,85320,86332,87260,88064,88765,89409,89969,90468,90926,91364,91846,92349,92840,93316
Australia,AUS,au,,26658948,19028802,19274701,19495210,19720737,19932722,20176844,20450966,20827622,21249199,21691653,22031750,22340024,22733465,23128129,23475686,23815995,24190907,24592588,24963258,25334826,25649248,25685412,26014399,26658948
Austria,AUT,at,6341.73877,9131761,8011566,8042293,8081957,8121423,8171966,8227829,8268641,8295487,8321496,8343323,8363404,8391643,8429991,8479823,8546356,8642699,8736668,8797566,8840521,8879920,8916864,8955797,9041851,9131761
Azerbaijan,AZE,az,1690.673706,10153958,8048600,8111200,8171950,8234100,8306500,8391850,8484550,8581300,8763400,8947243,9054332,9173082,9295784,9416801,9535079,9649341,9757812,9854033,9939771,10024283,10093121,10137750,10141756,10153958
Burundi,BDI,bi,23.19511986,13689450,6470194,6634365,6824132,7043154,7310656,7587299,7865547,8161874,8505637,8947646,9376444,9717978,10071028,10439341,10799785,11047580,11239451,11506762,11859446,12255336,12617036,12965481,13321097,13689450
Belgium,BEL,be,6581.89209,11787423,10251250,10286570,10332785,10376133,10421137,10478617,10547958,10625700,10709973,10796493,10895586,11038264,11106932,11159407,11209057,11274196,11331422,11375158,11427054,11488980,11538604,11586195,11680210,11787423
Benin,BEN,bj,,14111034,7221619,7445596,7675426,7913070,8159094,8426144,8693242,8953969,9228466,9509423,9797484,10093623,10397657,10708834,11030004,11360681,11697842,12039780,12383347,12726755,13070169,13413417,13759501,14111034
Burkina Faso,BFA,bf,,23025776,11925546,12295001,12680897,13082532,13500533,13932123,14373707,14816307,15258093,15710066,16176498,16661908,17172287,17695409,18229461,18777487,19334856,19894407,20438288,20961952,21478690,21995243,22509038,23025776
Bangladesh,BGD,bd,,171466990,134544304,136805810,138933658,140970351,142902856,144715786,146405973,147989278,149474264,150873714,152201981,153591076,155070101,156532141,157964929,159383179,160811932,162186147,163523103,164913055,166298024,167658854,169384897,171466990
Bulgaria,BGR,bg,1939.144165,6446596,8170172,8009142,7837161,7775327,7716860,7658972,7601022,7545338,7492561,7444443,7395599,7348328,7305888,7265115,7223938,7177991,7127822,7075947,7025037,6975761,6934015,6877743,6643324,6446596
Bahrain,BHR,bh,,1577059,637582,661316,710553,764517,823741,888822,960424,1039295,1103496,1178415,1228543,1195020,1208964,1253191,1314562,1370322,1423726,1501116,1503091,1483756,1472204,1504365,1524693,1577059
"Bahamas, The",BHS,bs,,399440,323835,327836,331614,335618,339782,343894,348375,353334,358120,362810,367478,371729,375469,378953,382298,385346,388055,390485,392717,394675,395863,396373,397538,399440
Bosnia and Herzegovina,BIH,ba,353.1231689,3185073,4159771,4179438,4188002,4178523,4140987,4096493,4063272,4013424,3947544,3879794,3811472,3741798,3670113,3610859,3564829,3518541,3473003,3428682,3387000,3345533,3299349,3244907,3204802,3185073
Belarus,BLR,by,1433.592529,9178298,9979610,9928549,9865548,9796749,9730146,9663915,9604924,9560953,9527985,9504583,9483836,9461643,9446836,9443211,9448515,9461076,9469379,9458989,9438785,9419758,9379952,9302585,9228071,9178298
Belize,BLZ,bz,,411106,240799,248379,256009,263780,271688,279731,287878,296100,304361,312614,320245,327298,334414,341627,348923,356333,364705,373202,380226,385829,390812,395346,402733,411106
Bermuda,BMU,bm,,64698,61550,61867,62142,62386,62555,62711,62834,63010,63300,63565,63725,63733,63646,63574,63529,63464,63449,63578,63831,64107,64382,64648,64749,64698
Bolivia,BOL,bo,49.83285904,12244159,8606326,8752736,8900355,9050700,9204287,9360754,9521689,9685960,9850858,10016275,10182345,10348929,10515807,10682608,10848888,11014705,11180020,11344587,11508368,11671386,11816299,11937360,12077154,12244159
Brazil,BRA,br,,211140729,174018282,176301203,178503484,180622688,182675143,184688101,186653106,188552320,190367302,192079951,193701929,195284734,196876111,198478299,200085127,201675532,203218114,204703445,206107261,207455459,208660842,209550294,210306415,211140729
Barbados,BRB,bb,,282336,262063,262425,264148,265776,267298,268706,270002,271288,272714,274123,275243,276139,276938,277665,278348,278990,279598,280171,280711,281207,281698,282147,282318,282336
Brunei Darussalam,BRN,bn,513.5635986,458949,326424,333345,340099,346637,352911,358916,364663,370873,377793,384952,392332,399389,405557,411202,416750,422212,427564,432772,437810,442680,447404,451721,455370,458949
Bhutan,BTN,bt,,786385,596863,610794,624409,637663,650544,661865,670799,678641,686351,693988,701632,709377,717279,725273,733139,740618,747866,754335,759759,764824,770006,775442,780914,786385
Botswana,BWA,bw,,2480244,1677382,1712254,1744763,1775736,1807146,1839877,1874516,1911201,1949970,1990673,2033111,2073535,2108617,2140682,2172044,2203273,2234776,2266747,2299141,2332083,2365894,2401441,2439892,2480244
Central African Republic,CAF,cf,,5152421,3833416,3919487,4006077,4103086,4192826,4288810,4377579,4462770,4558984,4529047,4492995,4565021,4610848,4642419,4623182,4629320,4713663,4793511,4878657,4944703,5026628,5112100,5098039,5152421
Canada,CAN,ca,4582.379395,40097761,30685730,31020855,31359199,31642461,31938807,32242732,32571193,32888886,33247298,33630069,34005902,34339221,34713395,35080992,35434066,35704498,36110803,36545075,37072620,37618495,38028638,38239864,38939056,40097761
Central Europe and the Baltics,CEB,,2133.757418,100175859,108447824,107660041,106959751,106624167,106331716,106041911,105772481,105378748,105001883,104800475,104421447,104174038,103928128,103691959,103459388,103206007,102926796,102656954,102439383,102282674,102046650,100647592,100289401,100175859
Switzerland,CHE,ch,5310.237305,8888093,7184250,7229854,7284753,7339001,7389625,7437115,7483934,7551117,7647675,7743831,7824909,7912398,7996861,8089346,8188649,8282396,8373338,8451840,8514329,8575280,8638167,8704546,8777088,8888093
Channel Islands,CHI,,,167691,148110,148850,149881,150960,152039,153126,154214,155309,156408,157511,158621,159706,160767,161777,162726,163454,163883,164319,164949,165639,166235,166741,167215,167691
Chile,CHL,cl,459.829895,19658835,15503635,15683849,15857925,16024752,16187322,16348778,16509195,16671581,16838988,17009731,17181464,17351816,17519119,17687006,17864195,18047625,18267221,18558868,18893191,19197744,19370624,19456334,19553036,19658835
China,CHN,cn,1164.940308,1410710000,1262645000,1271850000,1280400000,1288400000,1296075000,1303720000,1311020000,1317885000,1324655000,1331260000,1337705000,1345035000,1354190000,1363240000,1371860000,1379860000,1387790000,1396215000,1402760000,1407745000,1411100000,1412360000,1412175000,1410710000
Cote d'Ivoire,CIV,ci,,31165654,17699004,18178913,18654771,19125542,19595000,20068458,20546802,21030558,21514439,21997940,22488065,22982000,23467078,23939775,24527395,25246342,25989405,26733372,27464173,28193009,28915449,29639736,30395002,31165654
Cameroon,CMR,cm,,28372687,14912631,15309490,15725528,16160340,16610487,17074594,17550407,18049896,18574056,19113974,19668066,20232304,20809529,21402376,22059893,22763414,23454161,24128601,24806383,25506095,26210558,26915758,27632771,28372687
"Congo, Dem. Rep.",COD,cd,10.41699982,105789731,50507442,52132646,53750524,55343867,56997741,58775724,60615908,62477752,64390664,66412044,68563038,70849311,73254618,75789395,78403242,81035531,83956415,87083398,90047644,92947442,95989998,99148932,102396968,105789731
"Congo, Rep.",COG,cg,128.2496033,6182885,3151345,3272537,3350771,3445753,3565554,3696393,3837409,3980430,4113517,4281219,4462290,4609724,4740450,4857099,4975880,5097581,5222536,5351011,5483118,5616661,5752791,5892183,6035104,6182885
Colombia,COL,co,70.47698212,52321152,39089934,39709262,40324680,40937429,41543171,42128977,42691084,43235374,43758808,44271541,44777319,45259614,45715810,46151584,46565429,46969940,47437512,48131078,49024465,49907985,50629997,51188173,51737944,52321152
Comoros,COM,km,,850387,536080,547220,558923,569798,580704,592677,604753,616927,629307,641947,654836,668056,681630,696192,711503,726682,741741,756669,771590,786578,802163,818174,834188,850387
Cabo Verde,CPV,cv,,522331,453317,460293,467046,473383,479370,485115,490728,496190,501355,506141,509784,511447,511955,512225,512326,512394,512554,512893,513415,514104,514679,516649,519741,522331
Costa Rica,CRI,cr,493.0191956,5105525,3937739,4008947,4075705,4138784,4200078,4261240,4321340,4380248,4440056,4499791,4555962,4609833,4663934,4716147,4767119,4818038,4866998,4913177,4957818,4999553,5034320,5059988,5081765,5105525
Caribbean small states,CSS,,,3152394,2636455,2661520,2686785,2712281,2735189,2754974,2774985,2795667,2816379,2836793,2855621,2873088,2893251,2917125,2941203,2964524,2987438,3009507,3048465,3079149,3092577,3111609,3131505,3152394
Cuba,CUB,cu,,11019931,11109109,11144132,11177418,11209383,11238756,11262554,11278550,11287272,11291762,11294719,11297409,11301571,11303175,11298167,11285775,11275065,11265612,11247829,11227118,11202846,11176354,11122168,11059820,11019931
Curacao,CUW,cw,,147862,133860,129047,129205,131897,134192,137658,141239,144056,145880,146833,148703,150831,152088,153822,155909,157980,159664,160175,159336,157441,154947,152369,149996,147862
Cayman Islands,CYM,ky,,73038,39674,41089,42514,43934,45352,46788,48232,49687,51151,52618,54099,55606,57136,58655,60160,61642,63100,64535,65941,67327,68684,70108,71591,73038
Cyprus,CYP,cy,1010.616211,1344976,947667,964127,981440,999590,1017875,1036151,1054418,1072714,1091026,1109371,1127816,1146493,1165397,1183895,1201801,1219502,1237112,1254275,1270737,1286671,1302247,1317309,1331370,1344976
Czechia,CZE,cz,3619.292725,10864042,10255063,10216605,10196916,10193998,10197101,10211216,10238905,10298828,10384603,10443936,10474410,10496088,10510785,10514272,10525347,10546059,10566332,10594438,10629928,10671870,10697858,10505772,10672118,10864042
Germany,DEU,de,4733.358398,83280000,82211508,82349925,82488495,82534176,82516260,82469422,82376451,82266372,82110097,81902307,81776930,80274983,80425823,80645605,80982500,81686611,82348669,82657002,82905782,83092962,83160871,83196078,83797985,83280000
Djibouti,DJI,dj,,1152944,747318,771313,795574,813519,826124,839167,855764,874528,892734,911527,930251,948558,966747,984824,1002717,1020313,1037653,1054841,1071882,1088709,1105188,1121248,1137096,1152944
Dominica,DMA,dm,,66510,68511,68288,68367,68531,68649,68734,68806,68847,68854,68864,68859,69053,69118,69715,70373,70410,69606,68496,68174,67880,67573,67202,66826,66510
Denmark,DNK,dk,7561.016602,5946952,5339616,5358783,5375931,5390574,5404523,5419432,5437272,5461438,5493621,5523095,5547683,5570572,5591572,5614932,5643475,5683483,5728010,5764980,5793636,5814422,5831404,5856733,5903037,5946952
Dominican Republic,DOM,do,,11331265,8584190,8720283,8852235,8980620,9104892,9225034,9341183,9455658,9573130,9695265,9820175,9945621,10070411,10193833,10315528,10434829,10551430,10666843,10782053,10894043,11008300,11123476,11230734,11331265
Algeria,DZA,dz,832.4227905,46164219,30903893,31331221,31750835,32175818,32628286,33109249,33623506,34189416,34816961,35490445,36188236,36903376,37646166,38414171,39205031,40019529,40850721,41689299,42505035,43294546,44042091,44761099,45477389,46164219
East Asia & Pacific (excluding high income),EAP,,1069.493391,2137527754,1819011507,1836260943,1852659155,1868409996,1883675167,1898853723,1914002124,1929185103,1944305887,1959017463,1973602166,1989106668,2006566431,2023850158,2040383789,2056050896,2071486140,2087238522,2100698838,2112289891,2121866294,2128553744,2133560408,2137527754
Early-demographic dividend,EAR,,314.4725692,3511076811,2509431470,2556335424,2601917557,2647109296,2693184997,2738846905,2784726644,2830531957,2875943965,2921563644,2967104472,3013476947,3058869436,3103677284,3146800078,3190318707,3233033717,3274060446,3314245247,3355014793,3396051187,3432026092,3470644834,3511076811
East Asia & Pacific,EAS,,1544.812009,2384463611,2050149617,2068682053,2086144389,2102761941,2118747885,2134573057,2150688938,2167046538,2183472438,2199148703,2214613815,2230826576,2249081393,2267072102,2284385542,2300844269,2317076058,2333475520,2347576325,2359771090,2369438682,2375144416,2379648296,2384463611
Europe & Central Asia (excluding high income),ECA,,1015.021592,249146208,218486597.5,219435055.5,220400259,221399692,222413289.5,223360134.5,224417513,225016071.5,226524480,228250911,230106440,231988171.5,233914075,235981960,238112723.5,240230296.5,242407763.5,244530211.5,246654915.5,248858341,250655325.5,252183790,250834021.5,249146208
Europe & Central Asia,ECS,,3006.271319,924969865,865392493.5,866587785.5,868204040,870443479,872926624.5,875366720.5,877911050,880338408.5,883840223,887281039,890448752,892361936.5,895889705,900033335,904324263.5,908458970.5,912576858.5,916236104.5,919738352.5,922811778,925088545.5,925075848,925385334.5,924969865
Ecuador,ECU,ec,,17980083,12689206,12910740,13138472,13372306,13608701,13846163,14086131,14328773,14575202,14825954,15076695,15326227,15572194,15807128,16035124,16266225,16505139,16759519,17049547,17340021,17546065,17682454,17823897,17980083
"Egypt, Arab Rep.",EGY,eg,643.4765015,114535772,73083284,74652029,76239137,77853548,79477443,81101004,82700403,84276225,85864789,87501636,89196072,91093059,93161001,95333553,97528654,99597342,101644589,103696057,105682094,107553158,109315124,110957008,112618250,114535772
Euro area,EMU,,3761.48696,349670802,325789631,326858314,328438861,330200359,331997265,333700554,335243820,336965048,338594025,339676755,340460814,339719975,340447763,341575309,342713336,343698622,344655545,345333240,346105839,346454019,346922366,347094588,348627172,349670802
Eritrea,ERI,er,,3470390,2247031,2312079,2392978,2493903,2598284,2661215,2703502,2743222,2816327,2887885,2945186,2998485,3036988,3074360,3095173,3105546,3124698,3150347,3192760,3240194,3291271,3350183,3409447,3470390
Spain,ESP,es,2636.847656,48347910,40567864,40850412,41431558,42187645,42921895,43653155,44397319,45226803,45954106,46362946,46576897,46742697,46773055,46620045,46480882,46444832,46484062,46593236,46797754,47134837,47365655,47415794,47759127,48347910
Estonia,EST,ee,3188.26123,1370286,1396985,1388115,1379350,1370720,1362550,1354775,1346810,1340680,1337090,1334515,1331475,1327439,1322696,1317997,1314545,1315407,1315790,1317384,1321977,1326898,1329522,1330932,1348840,1370286
Ethiopia,ETH,et,90.24062347,128691692,67411494,69487762,71635517,73832663,76077206,78367470,80703490,83103217,85543668,88007636,90538514,93149970,95798767,98438751,101115610,103867135,106718162,109666481,112664152,115737383,118917671,122138588,125384287,128691692
European Union,EUU,,3550.9334,448804042,429339162,429906426,430893295,432426935,434050396,435591941,437007921,438478066,439886269,440928484,441546320,440766686,441416943,442486978,443589388,444550397,445487171,446177810,446953938,447303223,447653554,446564156,447847220,448804042
Fragile and conflict affected situations,FCS,,,1058789534,622883185,637301077,653056220,669470707,685830138,702638957,719788972,736917394,754858953,773810618,793160547,812764221,832872724,853223055,873158163,892657785,912614026,933013886,953648681,974824119,996691242,1018693078,1038158122,1058789534
Finland,FIN,fi,6856.334961,5583911,5176209,5188008,5200598,5213014,5228172,5246096,5266268,5288720,5313399,5338871,5363352,5388272,5413971,5438972,5461512,5479531,5495303,5508214,5515525,5521606,5529543,5541017,5556106,5583911
Fiji,FJI,fj,,924145,840909,849596,858049,866286,874366,882379,890365,897832,903399,907239,910419,912989,914918,916352,917585,918578,919166,918759,917180,914899,914963,916711,919422,924145
France,FRA,fr,4386.236328,68287487,60918661,61364377,61812142,62249855,62707588,63180854,63622342,64016890,64375116,64706436,65026211,65340830,65657659,65997932,66312067,66548272,66724104,66918020,67158348,67382061,67601110,67842811,68065015,68287487
Faroe Islands,FRO,fo,,54482,45754,46635,47335,48032,48384,48359,48335,48378,48547,48791,48657,48543,48291,48246,48428,48901,49464,50182,50998,51795,52571,53315,53952,54482
"Micronesia, Fed. Sts.",FSM,fm,,112630,112044,112365,112448,112285,111925,111412,110729,109880,108936,107957,107540,107698,107890,108121,108396,108716,109075,109481,109909,110282,110916,111624,112114,112630
Gabon,GAB,ga,,2484789,1275572,1309589,1345135,1382350,1421609,1463495,1508337,1556237,1607175,1661556,1719879,1781985,1846889,1913059,1978399,2040989,2100306,2156900,2212318,2267706,2322539,2376722,2430747,2484789
United Kingdom,GBR,gb,4397.222168,68350000,58892514,59119673,59370479,59647577,59987905,60401206,60846820,61322463,61806995,62276270,62766365,63258810,63700215,64128273,64602298,65116219,65611593,66058859,66460344,66836327,67081234,67026292,67791000,68350000
Georgia,GEO,ge,1366.204346,3715483,4077131,4014373,3978515,3951736,3927340,3902469,3880347,3860158,3848449,3814419,3786695,3756441,3728874,3717668,3719414,3725276,3727505,3728004,3726549,3720161,3722716,3708610,3712502,3715483
Ghana,GHA,gh,86.9799881,33787914,19637087,20167069,20729388,21296705,21868298,22449438,23040702,23642279,24249946,24862664,25474995,26095088,26734268,27386193,28041592,28696068,29356742,30008354,30637585,31258945,31887809,32518665,33149152,33787914
Gibraltar,GIB,gi,,38471,27709,27657,27831,28274,28715,29163,29594,30006,30413,30823,31248,31660,32029,32407,32813,33193,33658,34245,34854,35494,36173,36858,37609,38471
Guinea,GIN,gn,,14405468,8428832,8539960,8674066,8870781,9062726,9245844,9441171,9662281,9898870,10143534,10396086,10656810,10921581,11191873,11472924,11767070,12073030,12385659,12704774,13034346,13371183,13710513,14055137,14405468
"Gambia, The",GMB,gm,49.97694016,2697845,1455084,1495011,1535691,1577611,1621312,1667037,1715275,1765774,1817852,1871422,1926630,1983784,2043094,2103820,2164528,2224529,2283769,2342189,2399632,2456844,2515733,2576010,2636470,2697845
Guinea-Bissau,GNB,gw,,2153339,1234741,1261273,1289307,1318806,1349563,1381585,1415303,1450986,1488054,1526377,1566347,1608076,1651417,1695973,1741122,1786457,1831893,1877072,1922168,1967696,2013255,2058841,2105529,2153339
Equatorial Guinea,GNQ,gq,,1847549,703279,749836,797957,847862,899917,947367,990343,1036044,1084530,1135673,1189085,1241835,1293483,1346218,1399828,1453923,1508186,1562396,1616422,1670177,1716468,1758786,1803545,1847549
Greece,GRC,gr,3202.904053,10405588,10805808,10862132,10902022,10928070,10955141,10987314,11020362,11048473,11077841,11107017,11121341,11104899,11045011,10965211,10892413,10820883,10775971,10754679,10732882,10721582,10698599,10569207,10436882,10405588
Grenada,GRD,gd,,117081,107451,107987,108404,108884,109323,109734,110135,110522,110896,111254,111586,112079,112775,113487,114132,114676,115130,115438,115691,115981,116341,116688,116913,117081
Greenland,GRL,gl,,56865,56200,56350,56609,56765,56911,56935,56774,56555,56328,56323,56905,56890,56810,56483,56295,56114,56186,56172,56023,56225,56367,56653,56661,56865
Guatemala,GTM,gt,22.70031929,18124838,11697592,11969422,12246915,12525842,12807402,13087629,13367459,13652040,13935174,14215611,14500112,14792126,15089647,15387337,15681725,15971743,16268760,16567357,16845685,17103803,17357325,17598650,17847877,18124838
Guam,GUM,gu,,166506,160065,161329,162315,163137,163810,164365,164839,165267,165693,166173,166522,166543,166331,165966,165486,164905,164233,163490,162679,161808,162158,163730,165180,166506
Guyana,GUY,gy,,826353,764832,764477,763652,763101,762418,760914,758966,756861,754606,752094,749256,746153,746288,750021,754229,758781,763548,768479,791556,807665,807481,815482,821637,826353
High income,HIC,,3894.72816,1400465513,1251758606,1258081884,1264453056,1270975826,1277825278,1284667419,1292314271,1300879925,1309846534,1317794172,1323506149,1329029726,1336612791,1344779557,1352458637,1360842914,1368877184,1374784294,1379152141,1383372477,1389524835,1387107942,1393036569,1400465513
"Hong Kong SAR, China",HKG,hk,3472.309814,7536100,6665000,6714300,6744100,6730800,6783500,6813200,6857100,6916300,6957800,6972800,7024200,7071600,7150100,7178900,7229500,7291300,7336600,7393200,7452600,7507900,7481000,7413100,7346100,7536100
Honduras,HND,hn,22.14678955,10644851,6577773,6757993,6938859,7119213,7298994,7478355,7656832,7834798,8012587,8189899,8365878,8540583,8715076,8889278,9063122,9237305,9412380,9588137,9765210,9943633,10119640,10289877,10463872,10644851
Heavily indebted poor countries (HIPC),HPC,,,917304254,481984327,495197350,509679981,524773987,539803501,555358929,571454590,587432384,604007702,621337653,638796398,656783491,675397557,694622934,714769441,735429414,756895035,779389964,802020674,824649053,847743308,870930036,893906294,917304254
Croatia,HRV,hr,1490.767334,3859686,4468302,4299642,4302174,4303399,4304600,4310145,4311159,4310217,4309705,4305181,4295427,4280622,4260368,4233922,4201598,4151725,4106867,4041407,3988775,3949390,3914206,3878981,3855641,3859686
Haiti,HTI,ht,,11637398,8303151,8455918,8607641,8759912,8910263,9061273,9216562,9373296,9530774,9689581,9803294,9914904,10069771,10222362,10373235,10523242,10671457,10817754,10962362,11105163,11243848,11374586,11503606,11637398
Hungary,HUN,hu,2568.347656,9592186,10210971,10187576,10158608,10129552,10107146,10087065,10071370,10055780,10038188,10022650,10000023,9971727,9920362,9893082,9866468,9843028,9814023,9787966,9775564,9771141,9750149,9709891,9644377,9592186
IBRD only,IBD,,789.5298758,4952574126,3983328255,4031080605,4077229003,4122775918,4168676771,4214082145,4258827055,4302067550,4346234014,4391389527,4436714947,4483152361,4532139461,4582140476,4630871647,4677114235,4721984235,4766267453,4807550491,4845715724,4879367453,4905899020,4928694202,4952574126
IDA & IBRD total,IBT,,722.896071,6858957145,5116723507,5192348770,5267145775,5341840046,5417128229,5492481030,5568236362,5643505923,5720065907,5797994405,5876645582,5956718727,6038997419,6120638810,6201871547,6281302514,6360570926,6440496863,6518627025,6594857152,6667541079,6733337540,6795222292,6858957145
IDA total,IDA,,,1906383019,1133395252,1161268165,1189916772,1219064128,1248451458,1278398885,1309409307,1341438373,1373831893,1406604878,1439930635,1473566366,1506857958,1538498334,1570999900,1604188279,1638586691,1674229410,1711076534,1749141428,1788173626,1827438520,1866528090,1906383019
IDA blend,IDB,,222.0562403,633230238,376430953,386483472,396280295,406185760,416552454,427064487,437847651,449445968,461461442,473612630,485934443,498002443,509513096,520502873,531341156,541987714,552474265,563290702,574487740,585824310,597524859,609556583,621500917,633230238
Indonesia,IDN,id,179.6032257,281190067,216077790,219097902,222088495,225048008,227926649,230871650,233951652,237062337,240157903,243220028,246305322,249470032,252698525,255852467,258877399,261799249,264627418,267346658,269951846,272489381,274814866,276758053,278830529,281190067
IDA only,IDX,,,1273152781,756964298.5,774784692.5,793636477,812878368,831899003.5,851334397.5,871561656,891992404.5,912370451,932992248,953996192,975563922.5,997344862,1017995461,1039658744,1062200565,1086112426,1110938708,1136588794,1163317118,1190648767,1217881937,1245027173,1273152781
Isle of Man,IMN,im,,84165,75659,76476,77275,78049,78792,79516,80294,81147,82029,82939,83873,84382,84335,84141,83892,83593,83466,83609,83805,83957,84064,84106,84132,84165
India,IND,in,215.1877441,1438069596,1057922733,1077898575,1097600380,1116803006,1135991513,1154676322,1172878890,1190676021,1207930964,1225524753,1243481564,1261224954,1278674502,1295829511,1312277191,1328024498,1343944296,1359657400,1374659064,1389030312,1402617695,1414203896,1425423212,1438069596
Not classified,INX,,,,,,,,,,,,,,,,,,,,,,,,,,,
Ireland,IRL,ie,5282.949707,5307600,3805174,3866243,3931947,3996521,4070262,4159914,4273591,4398942,4489544,4535375,4560155,4580084,4599533,4623816,4657740,4701957,4755335,4807388,4867316,4934340,4985382,5033164,5165700,5307600
"Iran, Islamic Rep.",IRN,ir,800.8902588,90608707,66418659,67452005,68011317,68769340,70256316,71828455,73392747,74602648,75514204,76457825,77420842,78383598,79370580,80414686,81502045,82619362,83812228,85026754,86117998,87051648,87723443,88455488,89524246,90608707
Iraq,IRQ,iq,62.82107162,45074049,24424056,25197840,26006559,26802659,27577878,28407448,28616515,28391607,28971036,30058206,31045366,32161424,33654842,35281989,36550059,37560535,38469627,39337353,40265624,41192171,42116605,43071211,44070551,45074049
Iceland,ISL,is,5903.853516,393349,281205,284968,287523,289521,292074,296734,303782,311566,317414,318499,318041,319014,320716,323764,327386,330815,335439,343400,352721,360563,366463,372520,382003,393349
Israel,ISR,il,,9756600,6289000,6439000,6570000,6689700,6809000,6930100,7053700,7180100,7308800,7485600,7623600,7765800,7910500,8059500,8215700,8380100,8546000,8713300,8882800,9054000,9215100,9371400,9557500,9756600
Italy,ITA,it,2087.557617,58993475,56942108,56974100,57059007,57313203,57685327,57969484,58143979,58438310,58826731,59095365,59277417,59379449,59539717,60233948,60789140,60730582,60627498,60536709,60421760,59729081,59438851,59133173,59013667,58993475
Jamaica,JAM,jm,,2839786,2607826,2624403,2640572,2656623,2672225,2687066,2700968,2713800,2725635,2736995,2748568,2760494,2772430,2783687,2793749,2802534,2809915,2815764,2820097,2823271,2830739,2837682,2839144,2839786
Jordan,JOR,jo,255.6143341,11439213,5386945,5498894,5616066,5741828,5882061,6029587,6427371,6827227,6989866,7141753,7297043,7480424,7587127,7991809,8791710,9544729,10006367,10234226,10462306,10671891,10865228,11066356,11256263,11439213
Japan,JPN,jp,5198.097656,124516650,126843000,127149000,127445000,127718000,127761000,127773000,127854000,128001000,128063000,128047000,128070000,127833000,127629000,127445000,127276000,127141000,127076000,126972000,126811000,126633000,126261000,125681593,125124989,124516650
Kazakhstan,KAZ,kz,770.8460083,20330104,15501103,15575550,15656677,15747380,15850159,15968117,16103716,16257214,16426525,16619846,16836810,17066002,17306106,17556502,17816285,18084169,18363600,18651931,18932727,19209555,19482117,19743603,20034609,20330104
Kenya,KEN,ke,169.2714081,55339003,30642890,31619170,32629808,33652223,34713455,35796484,36904008,38036349,39206351,40408891,41598567,42758461,43888303,44986791,46051440,47088526,48139687,49197766,50207107,51202827,52217334,53219166,54252461,55339003
Kyrgyz Republic,KGZ,kg,,7099750,4898361.5,4945072.5,4990704,5043308,5104712.5,5162639.5,5218373,5268384.5,5318729,5389643,5467059,5546586.5,5652076,5777150,5905847.5,6040035.5,6175337.5,6306695.5,6444078.5,6590211,6726595.5,6851224,6975219.5,7099750
Cambodia,KHM,kh,30.77437019,17423880,12462336,12658484,12855241,13050968,13244731,13439202,13639028,13841770,14053479,14276810,14500726,14722584,14945085,15170208,15396772,15623251,15852803,16073372,16274522,16481304,16725474,16974305,17201724,17423880
Kiribati,KIR,ki,,132530,88613,90335,92264,94175,96085,98035,100017,102068,104222,106467,108704,110647,112284,113838,115326,116815,118478,120275,122084,123921,126099,128377,130469,132530
St. Kitts and Nevis,KNA,kn,,46758,45248,45761,46020,46176,46315,46437,46569,46706,46835,46916,46846,46886,47033,47069,47089,47087,47075,47050,47008,46952,46870,46763,46709,46758
"Korea, Rep.",KOR,kr,7018.358887,51712619,47008111,47370164,47644736,47892330,48082519,48184561,48438292,48683638,49054708,49307835,49554112,49936638,50199853,50428893,50746659,51014947,51217803,51361911,51585058,51764822,51836239,51769539,51672569,51712619
Kuwait,KWT,kw,404.7361145,4853420,1954709,2008121,2059974,2109881,2157320,2236788,2364733,2507887,2651421,2795484,2943372,3132814,3337109,3507844,3665876,3834574,4004096,4154812,4323515,4442316,4400267,4360865,4589643,4853420
Latin America & Caribbean (excluding high income),LAC,,,594995068,466891427,473472090,479874713,486116511,492232564,498267811,504231967,510173588,516099421,521959738,527703442,533432539,539167194,544834859,550428711,555893183,561307280,566870356,572668977,578311232,583125825,586944219,590730587,594995068
Lao PDR,LAO,la,,7664993,5431212,5521482,5610889,5697945,5781626,5869523,5963200,6056236,6148969,6241642,6334194,6426590,6518978,6611385,6703172,6801645,6908802,7018147,7128045,7237636,7346533,7453194,7559007,7664993
Lebanon,LBN,lb,,5773493,4329340,4401918,4463504,4525508,4599279,4671102,4751136,4844118,4925354,4992287,5041288,5096020,5235742,5743436,6346990,6472469,6323060,6160128,5984119,5794594,5702398,5718122,5744489,5773493
Liberia,LBR,lr,,5493031,2928117,3015338,3094782,3119532,3156892,3301015,3490787,3669050,3821003,3943028,4058890,4221178,4373043,4470239,4564293,4659431,4755608,4848925,4944726,5043721,5149463,5259323,5373294,5493031
Libya,LBY,ly,,7305659,5305021,5403639,5508410,5619398,5736693,5858798,5980211,6104380,6235430,6366686,6497839,6343203,6179328,6304628,6427252,6531819,6632126,6738770,6849055,6951033,7045399,7135175,7223805,7305659
St. Lucia,LCA,lc,,179285,158616,160237,161641,162976,164239,165450,166639,167758,168808,169869,170906,171801,172587,173369,174138,174905,175646,176342,177017,177661,178250,178522,178781,179285
Latin America & Caribbean,LCN,,,657611624,520272118,527572583,534691591,541643365,548455563,555120780,561751999,568345245,574908733,581388129,587749565,594072097,600393759,606644957,612799258,618806527,624664026,630329435,635680745,640853375,645497618,649234475,653104771,657611624
Least developed countries: UN classification,LDC,,,1160824674,673630102,689878805,707266809,725111768,742717957,760741611,779230030,797516000,816268129,835687108,855348118,875685078,896684951,918269633,940284138,962508256,985414939,1008993468,1033110314,1058013514,1083636132,1109175268,1134585604,1160824674
Low income,LIC,,,736466395,390079731,400757289,412670845,425077105,437382851,450155667,463744491,477551564,491406380,505585022,520054110,534808724,549451656,563526633,577586377,592175402,607867476,624557000,642186195,660718366,679560744,698215206,716865783,736466395
Liechtenstein,LIE,li,,39850,32645,33194,33694,34079,34447,34753,35037,35262,35473,35742,36022,36312,36657,36984,37248,37494,37716,37962,38246,38563,38901,39182,39493,39850
Sri Lanka,LKA,lk,104.0826187,22037000,19293054,19600362,19805752,19951521,20087605,20216524,20352411,20492545,20629378,20756435,20879089,21009048,21169458,20585000,20778000,20970000,21209000,21444000,21670000,21803000,21919000,22156000,22181000,22037000
Lower middle income,LMC,,268.8023607,3079778780,2125376114,2168260749,2210311164,2251947497,2293999533,2335616863,2377469865,2420211546,2462681283,2505415842,2548857608,2592374920,2635615131,2678274094,2721462079,2763351402,2804867052,2846133569,2886705488,2926690682,2966396717,3004162907,3041203717,3079778780
Low & middle income,LMY,,629.6621357,6633109634,4885599512,4962048190,5037637869,5112795945,5188460860,5264191085,5340182185,5415642174,5492228861,5569896557,5648351983,5727986726,5809649768,5890623212,5971198210,6050054835,6128880430,6208763935,6287535115,6364581440,6438169878,6505838578,6568731934,6633109634
Lesotho,LSO,ls,23.57218933,2311472,2003913,2000853,1994679,1985059,1971129,1953076,1945063,1953268,1966541,1980883,1996251,2014009,2034354,2056504,2080089,2104611,2130422,2157110,2183603,2209405,2235727,2261542,2286110,2311472
Late-demographic dividend,LTE,,1279.330638,2326658047,2043581322,2058600486,2072599555,2086139068,2099412663,2112603351,2126122277,2139958608,2153941306,2167303374,2179522412,2193156338,2209331950,2225043647,2241185412,2256211695,2270944241,2285977089,2298520432,2309008599,2316785460,2320366261,2324072106,2326658047
Lithuania,LTU,lt,2741.438477,2871585,3499536,3470818,3443067,3415213,3377075,3322528,3269909,3231294,3198231,3162916,3097282,3028115,2987773,2957689,2932367,2904910,2868231,2828403,2801543,2794137,2794885,2800839,2831639,2871585
Luxembourg,LUX,lu,4637.838867,666430,436300,441525,446175,451630,458095,465158,472637,479993,488650,497783,506953,518347,530946,543360,556319,569604,582014,596336,607950,620001,630419,640064,653103,666430
Latvia,LVA,lv,1805.337402,1877445,2367550,2337170,2310173,2287955,2263122,2238799,2218357,2200325,2177322,2141669,2097555,2059709,2034319,2012647,1993782,1977527,1959537,1942248,1927174,1913822,1900449,1884490,1879383,1877445
"Macao SAR, China",MAC,mo,1261.101807,678800,430600,433900,438400,443600,454700,473500,498900,520900,540700,535000,537000,549600,567900,591900,621700,642900,652500,648400,658900,672000,685400,682500,677300,678800
St. Martin (French part),MAF,mf,,27515,29996,30803,31604,32395,33171,33928,34658,35337,35958,36502,36856,37069,37276,37419,37450,37369,37175,36837,36012,34267,31786,29961,28870,27515
Morocco,MAR,ma,1080.706787,37712505,28423435,28814643,29198142,29571415,29953018,30358144,30771178,31186468,31606767,32030778,32467016,32912588,33355241,33787571,34204780,34607588,35023457,35446392,35839760,36210898,36584208,36954442,37329064,37712505
Monaco,MCO,mc,,38956,32455,32447,32422,32374,32307,32210,32057,31837,31836,32364,33163,33946,34711,35447,36128,36757,37276,37678,38154,38109,38050,38527,38931,38956
Moldova,MDA,md,946.4829712,2457783,2924668,2918135,2911385,2903198,2896023,2888985,2880967,2874299,2868833,2865213,2862354,2860699,2860324,2859558,2857815,2835978,2803186,2755189,2707203,2664224,2635130,2595809,2528654,2457783
Madagascar,MDG,mg,24.43313026,31195932,16516338,17032939,17549913,18071854,18606608,19159707,19730909,20318583,20923840,21547280,22183340,22822300,23462438,24109290,24764348,25426702,26099952,26788375,27494926,28219554,28953556,29691083,30437261,31195932
Maldives,MDV,mv,,525994,282019,286767,291616,296491,301413,306429,313851,324479,336170,348275,360792,373674,386818,400070,413617,428154,443308,458287,473099,487731,502118,516154,524106,525994
Middle East & North Africa,MEA,,,508311359,319840863,326923042,333592427,340495691,348239858,356352432,364791715,373340745,381817362,390285866,397305528,405960097,415046283,424768481,433660485,443111159,452184895,459925735,466691130,474057593,482334398,488100624,498070255,508311359
Mexico,MEX,mx,286.9425049,129739759,98625552,100099099,101548624,102978515,104394131,105811504,107253666,108774360,110374288,111999721,113623895,115243504,116818208,118343573,119784261,121072306,122251351,123400057,124573711,125762982,126799054,127648148,128613117,129739759
Marshall Islands,MHL,mh,,38827,50706,51123,51425,51639,51791,51906,51992,52035,52030,52019,52044,51907,51419,50681,49796,48800,47709,46529,45285,44007,42706,41367,40077,38827
Middle income,MIC,,652.3729622,5896643239,4495519781,4561290901,4624967024,4687718840,4751078009,4814035418,4876437694,4938090610,5000822481,5064311535,5128297873,5193178002,5260198112,5327096579,5393611833,5457879433,5521012954,5584206935,5645348920,5703863074,5758609134,5807623372,5851866151,5896643239
North Macedonia,MKD,mk,847.2424316,1827816,2026350,2034882,2020157,2022725,2016186,2005330,1994287,1982933,1971493,1958782,1946298,1937398,1929821,1922716,1917557,1912430,1906313,1898657,1889051,1876262,1856124,1837114,1831712,1827816
Mali,MLI,ml,30.16921043,23769127,11559290,11912158,12288050,12684955,13102409,13538647,13990139,14457775,14940782,15435539,15945198,16469049,16957033,17459615,18020267,18593022,19191289,19813011,20442030,21068405,21713836,22388630,23072640,23769127
Malta,MLT,mt,1817.202759,552747,390087,393028,395969,398582,401268,403834,405308,406724,409379,412477,414508,416268,420028,425967,434558,445053,455356,467999,484630,504062,515332,518536,531511,552747
Myanmar,MMR,mm,29.79051971,54133798,45290841,45771139,46232653,46667192,47068772,47438365,47785135,48125043,48390793,48660459,49024382,49419820,49837446,50262658,50681634,51089056,51495696,51894938,52272247,52640713,53016522,53387102,53756787,54133798
Middle East & North Africa (excluding high income),MNA,,602.1694992,440118189,287971068,293668448,298939850,304445309,310771929,317382998,324051680,330435022,336700258,343195616,349872902,356552266,363339829,370454605,377506892,384230039,390998434,397804712,404775501,411833977,418461302,424980589,432229148,440118189
Montenegro,MNE,me,824.9891357,616177,604950,607389,609828,612267,613353,614261,615025,615875,616969,618294,619428,620079,620601,621207,621810,622159,622303,622373,622227,622028,621306,619211,617213,616177
Mongolia,MNG,mn,332.1911316,3481145,2388299,2417751,2449027,2480374,2508412,2536407,2567168,2601850,2643201,2691115,2738622,2786317,2839705,2899011,2963113,3026864,3088856,3148917,3208189,3267673,3327204,3383741,3433748,3481145
Northern Mariana Islands,MNP,mp,,45143,68356,67984,66778,65421,63938,62354,60682,58941,57150,55325,54091,53608,53234,52758,52178,51514,50773,49959,49077,48129,47528,46979,46078,45143
Mozambique,MOZ,mz,43.95183945,33635160,18129653,18537729,18958338,19392475,19840313,20304569,20787087,21287635,21819036,22391745,22999235,23649039,24337846,25051611,25788475,26547572,27337105,28166393,29018644,29884380,30783688,31707800,32656246,33635160
Mauritania,MRT,mr,,5022441,2613441,2678760,2738655,2802046,2868664,2939059,3013660,3093059,3183269,3284448,3390965,3502811,3619034,3734318,3848514,3965959,4086657,4210600,4337685,4467708,4600131,4734874,4875637,5022441
Mauritius,MUS,mu,463.6158447,1261041,1186873,1196287,1204621,1213370,1221003,1228254,1233996,1239630,1244121,1247429,1250400,1252404,1255882,1258927,1261208,1262879,1263747,1264887,1265577,1265985,1266014,1266334,1262523,1261041
Malawi,MWI,mw,,21104482,11315942,11593058,11880440,12181574,12500737,12840031,13198701,13576343,13976417,14395788,14826463,15265022,15709577,16161816,16621538,17085587,17557739,18039715,18528081,19025752,19533888,20047258,20568728,21104482
Malaysia,MYS,my,2265.200684,35126298,22967816,23526538,24102477,24679602,25256772,25836071,26417909,26998389,27570059,28124778,28655776,29162039,29662831,30174265,30696137,31232798,31789685,32355644,32910967,33440596,33889558,34282399,34695493,35126298
North America,NAC,,3945.665303,375077354,312909691,316051677,319046534,321812780,324806660,327822042,331013939,334183103,337404564,340465163,343396770,345986435,348654703,351204513,353883924,356506956,359246007,361730781,363974650,366012555,369619953,370353489,372275216,375077354
Namibia,NAM,na,,2963095,1818647,1857048,1889970,1917464,1942082,1966582,1991888,2018600,2047056,2077394,2109811,2146325,2194654,2252508,2312139,2374300,2439213,2506853,2577327,2650494,2728762,2810548,2889662,2963095
New Caledonia,NCL,nc,,289870,223098,227707,232236,236678,240852,244381,247547,250725,253825,257250,261582,266543,271633,276822,281224,283168,283423,283546,283541,283606,284176,285214,287123,289870
Niger,NER,ne,,26159867,11509630,11920647,12349144,12796984,13265836,13756192,14268581,14803610,15361915,15943675,16548835,17176283,17836769,18519898,19215909,19939498,20685753,21435446,22188069,22947757,23717613,24502140,25311973,26159867
Nigeria,NGA,ng,22.82526016,227882945,126382494,129862595,133471989,137202644,141057045,145017253,149077334,153267261,157595014,162049464,166642886,171379598,176200625,181049443,185896915,190671878,195443700,200254579,204938755,209485641,213996181,218529286,223150896,227882945
Nicaragua,NIC,ni,,6823613,5022633,5087825,5149909,5210963,5272912,5342105,5418855,5497243,5576593,5656601,5737450,5819051,5901287,5983845,6066492,6149417,6232666,6316231,6400080,6483657,6565267,6644741,6730654,6823613
Netherlands,NLD,nl,4911.127441,17877117,15925513,16046180,16148929,16225302,16281779,16319868,16346101,16381696,16445593,16530388,16615394,16693074,16754962,16804432,16865008,16939923,17030314,17131296,17231624,17344874,17441500,17533044,17700982,17877117
Norway,NOR,no,5929.216797,5519594,4490967,4513751,4538159,4564855,4591910,4623291,4660677,4709153,4768212,4828726,4889252,4953088,5018573,5079623,5137232,5188607,5234519,5276968,5311916,5347896,5379475,5408320,5457127,5519594
Nepal,NPL,np,,29694614,24546509,24946748,25328981,25688758,26016656,26309458,26565425,26788492,26990037,27173035,27341952,27464494,27534915,27589996,27672370,27823629,27955462,28011258,28079689,28414064,28966574,29475010,29715436,29694614
Nauru,NRU,nr,,11875,10168,10130,10082,10059,10060,10049,10034,10020,10009,10016,10043,10098,10267,10517,10742,10954,11150,11324,11477,11587,11643,11709,11801,11875
New Zealand,NZL,nz,5492.041992,5223100,3857700,3880500,3948500,4027200,4087500,4133900,4184600,4223800,4259800,4302600,4350700,4384000,4408100,4442100,4516500,4609400,4714100,4813600,4900600,4979200,5090200,5111300,5117200,5223100
OECD members,OED,,3460.951587,1385723403,1202226474,1211106223,1220070536,1228926236,1237753724,1246459292,1255490764,1264410318,1274326608,1283513127,1292108663,1298741317,1306608465,1314705887,1323087907,1331189869,1339441048,1347317014,1355260023,1362497757,1370013876,1371769252,1378506989,1385723403
Oman,OMN,om,222.0129242,5049269,2282131,2310217,2337140,2363796,2404821,2459802,2514795,2570174,2626529,2684659,2757446,3076763,3547106,3833913,4002439,4184895,4390877,4537396,4597877,4591241,4522497,4500424,4730226,5049269
Other small states,OSS,,,14411921,10425820,10622995,10846687,11034074,11194800,11368666,11561776,11769660,11966136,12167982,12341009,12420968,12554229,12719557,12904905,13091061,13273445,13487767,13634874,13761088,13884095,14040798,14217718,14411921
Pakistan,PAK,pk,265.2450256,247504495,154879127,159270907,163222549,167110248,171286000,175453212,179682690,184493231,189499113,194376534,199239047,203746065,207667125,211073978,214264647,217290883,220138869,223273967,226928892,230800899,235001746,239477801,243700667,247504495
Panama,PAN,pa,90.7546463,4458759,3010369,3069537,3129344,3189807,3251155,3313026,3375024,3437490,3500648,3564381,3628535,3693505,3759256,3825329,3892101,3960035,4029086,4098707,4167860,4234700,4293261,4345405,4400773,4458759
Peru,PER,pe,,33845617,26598331,26964601,27288217,27580490,27852190,28101180,28324491,28530699,28719041,28896811,29086019,29304086,29550366,29817919,30115826,30457600,30866494,31324637,31897584,32449303,32838579,33155882,33475438,33845617
Philippines,PHL,ph,105.6680527,114891199,79625397,81401488,83068889,84731835,86394504,88015962,89508986,91075184,92699095,94384250,96337125,98248614,100175512,102076336,103767130,105312992,106735719,108119693,109465287,110804683,112081264,113100950,113964338,114891199
Palau,PLW,pw,,17727,19178,19352,19503,19659,19820,19819,19593,19302,19009,18709,18396,18078,17765,17648,17715,17770,17797,17812,17814,17798,17792,17783,17759,17727
Papua New Guinea,PNG,pg,33.39191818,10389635,5537064,5728435,5924003,6123997,6328041,6535905,6747720,6963345,7183002,7406438,7633523,7859346,8081390,8302698,8523441,8743246,8961718,9178714,9394513,9609010,9815746,10012896,10203169,10389635
Poland,POL,pl,2141.182373,36687353,38258629,38248076,38230364,38204570,38182222,38165445,38141267,38120560,38125759,38151603,38042794,38063255,38063164,38040196,38011735,37986412,37970087,37974826,37974750,37965475,37899070,36981559,36821749,36687353
Pre-demographic dividend,PRE,,,1078224044,562428025,578587390,596114535,614269146,632445407,651320620,670229212,688722596,708796270,730293963,752046672,774567417,798002725,822138419,846420736,870587800,895239872,920568701,946317177,972302503,998624261,1024960313,1051201551,1078224044
Puerto Rico,PRI,pr,333.8035278,3205691,3810605,3818774,3823701,3826095,3826878,3821362,3805214,3782995,3760866,3740410,3721525,3678732,3634488,3593077,3534874,3473232,3406672,3325286,3193354,3193694,3281557,3262693,3220113,3205691
"Korea, Dem. People's Rep.",PRK,kp,,26418204,23665910,23815358,23943973,24090380,24254943,24396433,24524507,24646383,24764618,24878332,24987258,25097874,25211728,25329451,25451262,25575350,25698326,25817709,25931147,26037632,26136312,26232534,26328845,26418204
Portugal,PRT,pt,3724.797119,10578174,10289898,10362722,10419631,10458821,10483861,10503330,10522288,10542964,10558177,10568247,10573100,10557560,10514844,10457295,10401062,10358076,10325452,10300300,10283822,10286263,10297081,10361831,10434332,10578174
Paraguay,PRY,py,199.2228394,6844146,5100868,5187689,5261328,5326436,5388175,5448097,5505148,5559386,5613574,5671236,5737971,5814626,5897008,5982445,6069811,6159103,6249126,6338660,6427382,6515058,6603739,6684182,6760464,6844146
West Bank and Gaza,PSE,ps,,5165775,2922153,2997784,3075373,3154969,3236626,3320396,3406334,3494496,3591977,3689099,3786161,3882986,3979998,4076708,4173398,4270092,4367088,4454805,4569087,4685306,4803269,4922749,5043612,5165775
Pacific island small states,PSS,,,2689224,2042274,2069097,2095273,2120592,2145505,2170029,2194265,2218230,2240739,2262456,2289399,2320899,2351924,2382931,2414338,2445989,2477794,2509999,2542009,2568656,2595522,2625493,2656049,2689224
Post-demographic dividend,PST,,4137.47789,1119236161,1021150563,1026102991,1031271721,1036412650,1041747900,1046942910,1052610469,1058829365,1065219261,1070658067,1075615574,1078564678,1083068159,1087808342,1092805112,1097599410,1102507839,1106644744,1110512190,1113651656,1117765361,1117015201,1117561802,1119236161
French Polynesia,PYF,pf,,281118,240337,244097,247775,251637,255654,259507,263223,266438,268379,269481,270580,271727,273084,274728,276387,277866,279178,280087,279815,279034,279209,279792,280378,281118
Qatar,QAT,qa,647.3112183,2656032,644989,677925,711205,744682,773332,825408,972831,1208595,1426938,1608903,1616832,1624761,1722438,1916426,2151745,2344557,2477113,2545820,2580734,2638657,2794148,2504910,2657333,2656032
Romania,ROU,ro,874.7279053,19059479,22442971,22131970,21730496,21574326,21451748,21319685,21193760,20882982,20537875,20367487,20246871,20147528,20058035,19983693,19908979,19815616,19702267,19588715,19473970,19371648,19265250,19122059,19048502,19059479
Russian Federation,RUS,ru,3109.763184,143826130,146596869,145976482,145306497,144648618,144067316,143518814,143049637,142805114,142742366,142785348,142849468,143018195,143378447,143805638,144237223,144640716,145015460,145293260,145398106,145453291,145245148,144746762,144236933,143826130
Rwanda,RWA,rw,13.72770977,13954471,8213931,8287094,8400180,8586875,8816844,9054528,9299246,9549933,9804269,10060432,10317553,10573733,10829901,11093340,11364757,11640022,11919183,12202060,12487996,12776103,13065837,13355260,13651030,13954471
South Asia,SAS,,220.6446784,1951539835,1412194936,1439704270,1467185462,1494191087,1520797241,1546744163,1572294133,1597352539,1622028899,1647212835,1672490146,1697466396,1721780232,1744358673,1766896416,1788492725,1809951345,1831474329,1852836645,1874070006,1895144142,1914263569,1932289074,1951539835
Saudi Arabia,SAU,sa,435.4405823,33264292,16177722,17041397,17910910,18786767,19669480,20559890,21459144,22368313,23287877,24217654,23978487,25091867,26168861,27624004,28309273,29816382,30954198,30977355,30196281,30063799,31552510,30784383,32175224,33264292
Sudan,SDN,sd,,50042791,27816745,28516770,29228727,29896035,30556637,31262444,31992435,32764135,33623980,34569113,35414399,36140806,36923178,37785849,38823318,40024431,41259892,42714306,44230596,45548175,46789231,48066924,49383346,50042791
Senegal,SEN,sn,580.954895,18077573,9968260,10212942,10466214,10721176,10975704,11235472,11500094,11770344,12048959,12337389,12635413,12958897,13310495,13710849,14152102,14593331,15034521,15475002,15914498,16352922,16789219,17220867,17651103,18077573
Singapore,SGP,sg,6977.669434,5917648,4027887,4138012,4175950,4114826,4166664,4265762,4401365,4588599,4839396,4987573,5076732,5183688,5312437,5399162,5469724,5535002,5607283,5612253,5638676,5703569,5685807,5453566,5637022,5917648
Solomon Islands,SLB,sb,,800005,440469,449125,457671,466154,474611,483080,491594,500156,508790,518141,532968,552945,573606,594945,616908,639415,662379,685672,709101,728147,744498,762591,781066,800005
Sierra Leone,SLE,sl,,8460512,4423611,4692716,4971435,5177687,5355717,5501712,5624466,5749352,5894722,6055646,6222714,6387251,6551080,6714051,6876385,7037655,7205328,7379299,7554563,7731991,7912558,8094602,8276807,8460512
El Salvador,SLV,sv,64.29577637,6309624,5943366,5968060,5986631,5998599,6004671,6005578,6002319,6009824,6029297,6048279,6068249,6090127,6113975,6138839,6162955,6183676,6200800,6213533,6219807,6222318,6234673,6255782,6280319,6309624
San Marino,SMR,sm,,33860,26799,27143,27491,27843,29457,29836,30184,31211,31662,33066,33270,32620,33469,33041,32655,32897,33101,33825,34522,34663,34770,34252,33755,33860
Somalia,SOM,so,,18358615,8838713,9198493,9550063,9909157,10280998,10644228,10975502,11322582,11663084,11961201,12261756,12348830,12461160,12869594,13339491,13806963,14348740,14916629,15452487,16030971,16651191,17271431,17801897,18358615
Serbia,SRB,rs,2060.147705,6623183,7516346,7503433,7500031,7480591,7463157,7440769,7411569,7381579,7350222,7320807,7291436,7236519,7201497,7166553,7131787,7095383,7058322,7020858,6982604,6945235,6899126,6834326,6664449,6623183
Sub-Saharan Africa (excluding high income),SSA,,,1259782580,681043976,699507383,718578430,738233350,758570669,779582255,801184768,823479850,846569916,870259994,894576887,919440685,944882007,971142957,997869678,1025157695,1052729467,1080845804,1109900238,1139217993,1168916989,1198912667,1229088695,1259782580
South Sudan,SSD,ss,,11483374,6032267,6308391,6596806,6903127,7233041,7590143,7976526,8388788,8817647,9243556,9745953,10288109,10756240,11166275,11235073,11107561,10830102,10259154,10122977,10423384,10698467,10865780,11021177,11483374
Sub-Saharan Africa,SSF,,,1259902353,681125107,699588585,718662153,738316131,758653144,779665113,801269368,823564883,846656872,870347292,894666657,919528126,944970310,971232906,997961037,1025251114,1052824144,1080941647,1109997000,1139315618,1169015451,1199011925,1229208573,1259902353
Small states,SST,,,20253539,15104549,15353612,15628745,15866947,16075494,16293669,16531026,16783557,17023254,17267231,17486029,17614955,17799404,18019613,18260446,18501574,18738677,19007273,19225348,19408893,19572194,19777900,20005272,20253539
Sao Tome and Principe,STP,st,,230871,144018,146375,149922,153814,157705,161639,165638,169700,173793,177853,181802,185649,189439,193148,196767,200291,203689,206970,210187,213392,217435,221961,226305,230871
Suriname,SUR,sr,,628886,476643,486560,496551,506414,513923,519313,524997,531016,537245,543568,549923,556269,562633,569020,575373,581627,587757,593713,599513,605768,612317,617896,623164,628886
Slovak Republic,SVK,sk,2656.802246,5426740,5388720,5378867,5376912,5373374,5372280,5372807,5373054,5374622,5379233,5386406,5391428,5398384,5407579,5413393,5418649,5423801,5430798,5439232,5446771,5454147,5458827,5447247,5431752,5426740
Slovenia,SVN,si,3805.081543,2120461,1988925,1992060,1994530,1995733,1997012,2000474,2006868,2018122,2021316,2039669,2048583,2052843,2057159,2059953,2061980,2063531,2065042,2066388,2073894,2088385,2102419,2108079,2112076,2120461
Sweden,SWE,se,6810.790039,10536632,8872109,8895960,8924958,8958229,8993531,9029572,9080505,9148092,9219637,9298515,9378126,9449213,9519374,9600379,9696110,9799186,9923085,10057698,10175214,10278887,10353442,10415811,10486941,10536632
Eswatini,SWZ,sz,139.104187,1230506,1041414,1051064,1059441,1066700,1073159,1079022,1084436,1090705,1098091,1105153,1111650,1117833,1123863,1129990,1136299,1142813,1149507,1158195,1168929,1179874,1192729,1206593,1218917,1230506
Sint Maarten (Dutch part),SXM,sx,,42749,30773,30726,30960,31327,31690,32057,32428,32791,33145,33491,33794,34267,35023,35854,36672,37471,38249,38996,39712,40385,41008,41571,42139,42749
Seychelles,SYC,sc,,119773,81131,81202,83723,82781,82475,82858,84600,85033,86956,87298,89770,87441,88303,89949,91359,93419,94677,95843,96762,97625,98462,99258,119878,119773
Syrian Arab Republic,SYR,sy,83.98261261,23594623,16637888,17051338,17468332,17889296,18336875,18814091,19637022,20884125,21636564,21976969,22482421,22878098,22759763,21666917,20273659,19424618,19193834,19224668,19577845,20353534,21049429,21628839,22462173,23594623
Turks and Caicos Islands,TCA,tc,,46198,18730,19576,20597,21727,22856,23988,25123,26270,27427,28588,29739,30846,32127,33653,35050,36605,38315,39913,41559,43166,44386,45243,45847,46198
Chad,TCD,td,58.75680161,19319064,8512093,8804124,9116192,9487833,9920036,10328092,10706424,11081660,11476296,11893754,12312575,12754997,13210998,13691079,14188678,14647621,15114655,15622759,16156531,16685223,17224679,17828273,18455316,19319064
East Asia & Pacific (IDA & IBRD countries),TEA,,1069.493391,2111139152,1795374943,1812475067,1828744767,1844349334,1859450104,1874487158,1889507244,1904568042,1919570287,1934167856,1948643347,1964036970,1981382735,1998548872,2014960984,2030504270,2045816761,2061449949,2074796982,2086281644,2095759417,2102350702,2107261123,2111139152
Europe & Central Asia (IDA & IBRD countries),TEC,,1880.332181,459025452,438423540.5,438100367.5,437806951,437905932,438136035.5,438333195.5,438714358,438680282.5,439732746,441304973,442936599,444846099.5,446979977,449310524,451696196.5,454002756.5,456330266.5,458504366.5,460515553.5,462573906,463913014.5,463790894,461440170.5,459025452
Togo,TGO,tg,35.85396957,9304337,5140037,5277382,5413274,5552167,5696508,5844631,6010668,6188344,6368812,6551865,6732590,6916474,7100736,7285442,7472450,7663195,7858289,8057140,8258778,8463068,8669720,8878379,9089738,9304337
Thailand,THA,th,847.0855713,71702435,63007815,63651141,64266437,64868166,65452047,66017420,66567687,67102394,67619830,68121080,68579447,69007208,69436098,69845114,70216367,70540795,70859841,71160187,71376079,71522271,71641484,71727332,71735329,71702435
Tajikistan,TJK,tj,,10389799,6284735,6407377,6531669,6658575,6790547,6924720,7057566,7194477,7338403,7490230,7652141,7824785,8014084,8216724,8425552,8643840,8865631,9085946,9307333,9529966,9749310,9966908,10182222,10389799
Turkmenistan,TKM,tm,,7364438,4582677,4675409,4769465,4863865,4958093,5052257,5147105,5244046,5345029,5451592,5564356,5683417,5808546,5939341,6075283,6215770,6360041,6507061,6655524,6803944,6949912,7092043,7230193,7364438
Latin America & the Caribbean (IDA & IBRD countries),TLA,,,642397939,504556065,511809816,518881965,525787222,532556401,539188798,545805913,552399650,558968822,565454932,571822092,578171855,584524334,590809938,597023419,603091701,609017063,614776664,620274430,625467307,630051021,633862610,637837815,642397939
Timor-Leste,TLS,tl,,1384286,745088,812249,879159,916878,929074,948311,976597,1004889,1032429,1058782,1084679,1110207,1134885,1158695,1181903,1205131,1228312,1251703,1275959,1300945,1326053,1350139,1369295,1384286
Middle East & North Africa (IDA & IBRD countries),TMN,,602.1694992,434952414,285048915,290670664,295864477,301290340,307535303,314062602,320645346,326940526,333108281,339506517,346086741,352669280,359359831,366377897,373333494,379959947,386631346,393349907,400206414,407148671,413658033,420057840,427185536,434952414
Tonga,TON,to,,104597,102677,103288,103874,104464,105071,105671,106253,106726,107020,107203,107400,107570,107460,107078,106609,106095,105524,105356,105567,105669,105704,105490,105042,104597
South Asia (IDA & IBRD),TSA,,220.6446784,1951539835,1412194936,1439704270,1467185462,1494191087,1520797241,1546744163,1572294133,1597352539,1622028899,1647212835,1672490146,1697466396,1721780232,1744358673,1766896416,1788492725,1809951345,1831474329,1852836645,1874070006,1895144142,1914263569,1932289074,1951539835
Sub-Saharan Africa (IDA & IBRD countries),TSS,,,1259902353,681125107,699588585,718662153,738316131,758653144,779665113,801269368,823564883,846656872,870347292,894666657,919528126,944970310,971232906,997961037,1025251114,1052824144,1080941647,1109997000,1139315618,1169015451,1199011925,1229208573,1259902353
Trinidad and Tobago,TTO,tt,485.8169861,1367510,1319774,1325567,1332011,1338709,1345380,1294494,1297944,1303188,1308587,1310106,1317714,1328019,1335194,1340557,1345343,1349667,1353895,1356633,1359193,1363985,1366725,1367558,1365805,1367510
Tunisia,TUN,tn,1751.004761,12200431,9764935,9869677,9971515,10071632,10166163,10255472,10346410,10441702,10542635,10650681,10765980,10886035,11009647,11141361,11274288,11402264,11528674,11650498,11765514,11875081,11974057,12048622,12119334,12200431
Turkiye,TUR,tr,1205.080688,85325965,65425961,66245128,67048795,67831730,68592617,69329557,70045349,70158112,71051678,72039206,73142150,74223629,75175827,76147624,77181884,78218479,79277962,80312698,81407204,82579440,83384680,84147318,84979913,85325965
Tuvalu,TUV,tv,,9816,9544,9586,9623,9695,9816,9940,10056,10182,10321,10461,10614,10780,10934,11001,10984,10963,10930,10869,10751,10581,10399,10194,9992,9816
Tanzania,TZA,tz,,66617606,34260139,35198299,36121304,37089555,38109668,39182076,40294902,41435512,42570728,43633982,44758488,46029367,47374260,48824128,50351512,52020962,53824013,55652890,57437145,59174891,60972798,62830412,64711821,66617606
Uganda,UGA,ug,,48656601,24000150,24745676,25532870,26352124,27154515,27963289,28794003,29653430,30539553,31451151,32390802,33354543,34337438,35337042,36395539,37531446,38799152,40177388,41565831,42999637,44457152,45910930,47312719,48656601
Ukraine,UKR,ua,1005.997192,37732836,49556660,49106855,48677281,48315136,47979507,47585556,47278694,47062798,46819175,46623731,46456003,46307853,46210056,46126770,45972380,45784896,45616832,45436041,45208907,44957458,44680014,44298640,41048766,37732836
Upper middle income,UMC,,1021.478589,2816864459,2370143667,2393030152,2414655860,2435771343,2457078476,2478418555,2498967829,2517879064,2538141198,2558895693,2579440265,2600803082,2624582981,2648822485,2672149754,2694528031,2716145902,2738073366,2758643432,2777172392,2792212417,2803460465,2810662434,2816864459
Uruguay,URY,uy,680.0185547,3388081,3266206,3274251,3278867,3281186,3283148,3285771,3289506,3295153,3302177,3310091,3318580,3326825,3335401,3345337,3356334,3368017,3379283,3388438,3394534,3397206,3398968,3396695,3390913,3388081
United States,USA,us,3874.786621,334914895,282162411,284968955,287625193,290107933,292805298,295516599,298379912,301231207,304093966,306771529,309327143,311583481,313877662,316059947,318386329,320738994,323071755,325122128,326838199,328329953,331526933,332048977,333271411,334914895
Uzbekistan,UZB,uz,501.232605,35652307,24787054,25090283,25399980,25711259,26029350,26356975,26699043,27076008,27494774,27939328,28385506,28823196,29261903,29724065,30222994,30749346,31284568,31819178,32373490,32964701,33586372,34243696,34938955,35652307
St. Vincent and the Grenadines,VCT,vc,,101323,113545,113501,113347,113141,112835,112450,112014,111531,111028,110508,109959,109349,108736,108135,107535,106960,106349,105663,104926,104167,103526,102841,102046,101323
"Venezuela, RB",VEN,ve,246.5866852,28300854,24526708,24979922,25435671,25892703,26340838,26785804,27224686,27649363,28053696,28438298,28813101,29185212,29553826,29912198,30254079,30573972,30765720,30565323,29807592,28938098,28444077,28237826,28213017,28300854
British Virgin Islands,VGB,vg,,38985,20241,20796,21430,22134,22881,23665,24493,25366,26288,27218,27675,28710,30345,31703,32962,34498,33878,32699,34657,36395,37135,37809,38319,38985
Virgin Islands (U.S.),VIR,vi,,104917,108642,108549,108509,108505,108466,108453,108369,108337,108397,108404,108357,108290,108188,108041,107882,107712,107516,107281,107001,106669,106290,105870,105413,104917
Viet Nam,VNM,vn,685.6634521,100352192,77154011,77969361,78772224,79563777,80338971,81088313,82167897,83633375,85175788,86460018,87455152,88468314,89510356,90573104,91679578,92823254,94000117,95176977,96237319,97173776,98079191,98935098,99680655,100352192
Vanuatu,VUT,vu,,320409,186281,191031,195863,200746,205711,210760,215923,221276,226896,232731,238248,243474,248883,254482,260240,266101,272087,278507,285259,291985,298858,305868,313046,320409
World,WLD,,1379.972801,8061876001,6161884826,6245109996,6327526596,6409664474,6492626976,6575644308,6659721142,6744171462,6830129091,6916129027,7000671233,7086201664,7175816385,7265314967,7353910926,7441471721,7528523334,7614113552,7696494848,7776892015,7856138790,7921184346,7989981520,8061876001
Samoa,WSM,ws,,216663,181685,183166,184471,185430,186249,186978,187709,188753,190107,191513,193023,194713,196498,198268,200037,201782,203499,205415,207582,209780,211944,213779,215261,216663
Kosovo,XKX,,,1756366,1802493,1820009,1829462,1826434,1822773,1818354,1813079,1807094,1800858,1794681,1788743,1791949,1807126,1818119,1812788,1788274,1777568,1791019,1797086,1788891,1790152,1786080,1768096,1756366
"Yemen, Rep.",YEM,ye,,39390799,19624141,20226147,20835086,21456379,22095167,22790085,23543083,24318082,25111941,25927724,26754387,27582897,28433647,29312952,30226309,31159379,32109010,33090921,34085182,35111408,36134863,37140230,38222876,39390799
South Africa,ZAF,za,473.7341614,63212384,47159719,47566800,48019415,48500348,48991421,49490033,49998277,50528584,51114599,51728516,52344051,52995205,53782567,54678791,55594838,56723537,57259551,57635162,58613001,59587885,60562381,61502603,62378410,63212384
Zambia,ZMB,zm,,20723965,10017631,10325185,10647949,10983595,11338198,11718819,12129553,12565085,13021324,13490389,13965594,14437796,14913629,15398997,15895315,16399089,16914423,17441320,17973569,18513839,19059395,19603607,20152938,20723965
Zimbabwe,ZWE,zw,,16340822,11892055,11971901,12087653,12232323,12365896,12483432,12636445,12804058,12959149,13142790,13356548,13595424,13817887,14013808,14207359,14399013,14600294,14812482,15034452,15271368,15526888,15797210,16069056,16340822
